OBJECTID,NYCEM_ID,FACILITY_NAME,ADDRESS,BOROUGH,ZIP_CODE,PHONE,HANDICAP_ACCESS,EXTENDED_HOURS,STATUS,Monday,Tuesday,Wednesday,Thursday,Friday,Saturday,Sunday,X,Y,FACILITY_TYPE,Entrance_info
2,CC510,City Hall NSC - SENIORS ONLY,100 Gold St,Manhattan,10038,(212) 788-5580,Yes,Hours may be extended during a heat emergency.,OPEN,8a-5p,8a-5p,8a-5p,8a-5p,8a-5p,,,983351.000146,197988.000071,Senior center,"Basement, pass security then take elev."
6,CC362,LaGuardia NSC - SENIORS ONLY,280 Cherry St,Manhattan,10002,(212) 732-3656,No,No,OPEN,8:30a-4:30p,8:30a-4:30p,8:30a-4:30p,8:30a-4:30p,8:30a-4:30p,,,987408.999904,198534.999961,Senior center,
17,CC264,John Paul II Friendship NSC - SENIORS ONLY,103 E 7 St,Manhattan,10009,(212) 673-7704,Yes,No,OPEN,8a-4p,8a-4p,8a-4p,8a-4p,8a-4p,,,988486.000046,204065.000056,Senior center,
19,CC474,Mott Street NSC - SENIORS ONLY,180 Mott St,Manhattan,10012,(212) 966-5460,Yes,No,OPEN,8a-4p,8a-4p,8a-4p,8a-4p,8a-4p,,,985461.999861,201791.000011,Senior center,
37,CC004,Project Find Woodstock NSC - SENIORS ONLY,127 W 43 St,Manhattan,10036,(212) 575-0693,Yes,Hours may be extended during a heat emergency.,OPEN,8:30a-5p,8:30a-5p,8:30a-5p,8:30a-5p,8:30a-5p,8:30a-5p,8:30a-5p,988459.573262,214783.9527,Senior center,
38,CC093,Encore NSC - SENIORS ONLY,239 W 49 St,Manhattan,10019,(212) 581-2910,Yes,Hours may be extended during a heat emergency.,OPEN,8:30a-4p,8:30a-4p,8:30a-4p,8:30a-4p,8:30a-4p,,,988232.999896,216707.000035,Senior center,
42,CC034,Project Find Clinton NSC - SENIORS ONLY,530 W 55 St,Manhattan,10019,(212) 580-0888,Yes,No,OPEN,8a-5p,8a-5p,8a-5p,8a-5p,8a-5p,,,986733.999941,219096.999848,Senior center,
43,CC463,Find Aid ISC - SENIORS ONLY,141 W 73 St,Manhattan,10023,(212) 787-7710,Yes,Hours may be extended during a heat emergency.,OPEN,9a-7p,9a-7p,9a-7p,9a-7p,9a-7p,,9a-5p,989858.999925,223072.0001,Senior center,
44,CC641,JASA Club 76 NSC - SENIORS ONLY,120 W 76 St,Manhattan,10023,(212) 712-0170,Yes,Hours may be extended during a heat emergency.,OPEN,8a-4p,8a-4p,8a-4p,8a-4p,8a-4p,,,990365.146222,223531.508367,Senior center,
45,CC250,West 65 Street NSC - SENIORS ONLY,250 W 65 St,Manhattan,10023,(212) 874-0860,Yes,No,OPEN,8a-4p,8a-4p,8a-4p,8a-4p,8a-4p,,,987865.148926,221555.394865,Senior center,
48,CC083,St Agnes Library,444 Amsterdam Av,Manhattan,10024,(212) 621-0619,Yes,No,OPEN,11a-4p,11a-4p,11a-4p,11a-4p,11a-4p,11a-4p,,990497.136721,225212.324883,Library,
68,CC084,Harlem Temple Corps Comm Center,540 Lenox Av,Manhattan,10037,(212) 862-3900,Yes,Hours may be extended during a heat emergency.,OPEN,8a-6p,8a-6p,8a-6p,8a-6p,8a-6p,,,1001043.0,236409.0,Community center,
71,CC085,Manhattan Citadel Corps Comm Center,145 E 125 St,Manhattan,10035,(212) 860-3200,Yes,Hours may be extended during a heat emergency.,OPEN,8:30a-4p,8:30a-4p,8:30a-4p,8:30a-4p,8:30a-4p,,,1001686.21048,232397.756994,Community center,
72,CC255,Beatrice Lewis NSC - SENIORS ONLY,2322 3 Av,Manhattan,10035,(212) 289-9155,Yes,No,OPEN,9a-5p,9a-5p,9a-5p,9a-5p,9a-5p,,,1002096.00006,232517.999909,Senior center,
73,CC253,Robinson,110 E 129 St,Manhattan,10035,(646) 476-4088,Yes,Hours may be extended during a heat emergency.,OPEN,10a-6p,10a-6p,10a-6p,10a-6p,10a-6p,10a-5p,,1001804.0,233237.0,Cornerstone Program,
88,CC937,Thomas Jefferson Recreation Center,2180 1 Av,Manhattan,10029,(212) 860-1383,Yes,No,OPEN,9a-9:30p,9a-9:30p,9a-9:30p,9a-9:30p,9a-9:30p,8a-4p,,1001762.6815,228320.688749,Community center,
89,CC041,Hamilton Grange NSC - SENIORS ONLY,420 W 145 St,Manhattan,10031,(212) 862-4181,Yes,Hours may be extended during a heat emergency.,OPEN,9a-5p,9a-5p,9a-5p,9a-5p,9a-5p,,,999168.000008,239593.999864,Senior center,
90,CC356,Hamilton Grange Library,503 W 145 St,Manhattan,10031,(212) 926-2147,Yes,No,OPEN,11a-4p,11a-4p,11a-4p,11a-4p,11a-4p,11a-4p,,998638.558959,240098.904603,Library,
94,CC434,Riverstone Senior Life NSC - SENIORS ONLY,99 Fort Washington Av,Manhattan,10032,(212) 927-5600,Yes,No,OPEN,8:30a-4:30p,8:30a-4:30p,8:30a-4:30p,8:30a-4:30p,8:30a-4:30p,,,999585.000158,245038.000131,Senior center,
107,CC466,Carter Burden ISC (Covello Senior Center) - SENIORS ONLY,312 E 109 St,Manhattan,10029,(212) 423-9665,Yes,No,OPEN,9a-5p,9a-5p,9a-5p,9a-5p,9a-5p,8a-4p,8a-4p,1000750.00012,227847.000064,Senior center,
108,CC462,Assoc of Black Social Workers NSC - SENIORS ONLY,221 W 107 St,Manhattan,10025,(212) 749-8400,Yes,Hours may be extended during a heat emergency.,OPEN,8a-4:30p,8a-4:30p,8a-4:30p,8a-4:30p,8a-4:30p,,,993532.000125,231420.000136,Senior center,
109,CC339,Washington Heights Star NSC - SENIORS ONLY,650 W 187 St,Manhattan,10033,(212) 781-8331,No,No,OPEN,8a-4p,8a-4p,8a-4p,8a-4p,8a-4p,,,1002819.99992,250243.99989,Senior center,
114,CC125,Campos Plaza,611 E 13 St,Manhattan,10009,(212) 677-1801,Yes,Hours may be extended during a heat emergency.,OPEN,10a-6p,10a-6p,10a-6p,10a-6p,10a-6p,10a-5p,,990457.0,204762.0,Cornerstone Program,
115,CC124,Rutgers,200 Madison St,Manhattan,10002,(646) 666-3040,Yes,Hours may be extended during a heat emergency.,OPEN,10a-6p,10a-6p,10a-6p,10a-6p,10a-6p,10a-5p,,986778.87494,198767.515378,Cornerstone Program,
116,CC129,Henry Street Settlement NSC - SENIORS ONLY,334 Madison St. ,Manhattan,10002,(212) 349-2770,Yes,Hours may be extended during a heat emergency.,OPEN,9a-6p,9a-6p,9a-6p,9a-6p,9a-6p,,,989019.456985,199081.25379,Senior center,Take ramp to basement
117,CC616,Jacob Riis community Center,80 Avenue D,Manhattan,10009,(646) 449-0399 X1931,Yes,Hours may be extended during a heat emergency.,OPEN,10a-6p,10a-6p,10a-6p,10a-6p,10a-6p,10a-5p,,990852.046167,202505.35849,Cornerstone Program,
119,CC007,Baruch,605 FDR Drive,Manhattan,10002,(212) 477-2541,Yes,Hours may be extended during a heat emergency.,OPEN,10a-6p,10a-6p,10a-6p,10a-6p,10a-6p,10a-5p,,991046.388959,200914.688702,Cornerstone Program,
121,CC014,Lehman,1589 Madison Av,Manhattan,10029,(212) 348-5749,Yes,Hours may be extended during a heat emergency.,OPEN,10a-6p,10a-6p,10a-6p,10a-6p,10a-6p,10a-5p,,998522.288001,228724.193134,Cornerstone Program,
122,CC022,Clinton,120 E 110 St,Manhattan,10029,(929) 281-2814,Yes,Hours may be extended during a heat emergency.,OPEN,10a-6p,10a-6p,10a-6p,10a-6p,10a-6p,10a-5p,,999391.880371,228888.541469,Cornerstone Program,
124,CC130,BRC Neighborhood NSC - SENIORS ONLY,30 Delancey St,Manhattan,10002,(212) 533-2020,Yes,Hours may be extended during a heat emergency.,OPEN,8a-3:30p,8a-3:30p,8a-3:30p,8a-3:30p,8a-3:30p,,,986390.261456,201734.106752,Senior center,
127,CC111,Goddard Riverside NSC - SENIORS ONLY,593 Columbus Av,Manhattan,10024,(212) 873-6600,Yes,No,OPEN,8a-4p,8a-4p,8a-4p,8a-4p,8a-4p,,,992386.00012,226350.000106,Senior center,
129,CC530,Dyckman Neighborhood Senior Center - SENIORS ONLY,3754 10 Av,Manhattan,10034,(212) 569-7790,Yes,No,OPEN,8:30a-4:30p,8:30a-4:30p,8:30a-4:30p,8:30a-4:30p,8:30a-4:30p,,,1005818.53416,252982.64003,Senior center,
130,CC614,Dyckman Community Center,3782 Tenth Avenue,Manhattan,10022,(646) 429-8447,Yes,Hours may be extended during a heat emergency.,OPEN,10a-6p,10a-6p,10a-6p,10a-6p,10a-6p,10a-5p,,1005938.58227,253281.771373,Cornerstone Program,
136,CC254,Wagner,435 E 120 St,Manhattan,10035,(212) 996-1451,Yes,Hours may be extended during a heat emergency.,OPEN,10a-6p,10a-6p,10a-6p,10a-6p,10a-6p,10a-5p,,1003185.90202,230089.098745,Cornerstone Program,
139,CC613,Johnson Community Center,1833 Lexington Ave,Manhattan,10029,(212) 360-7625,Yes,Hours may be extended during a heat emergency.,OPEN,10a-6p,10a-6p,10a-6p,10a-6p,10a-6p,10a-5p,,1000264.58968,229533.538686,Cornerstone Program,
142,CC467,Carver NSC - SENIORS ONLY,55 E 102 St,Manhattan,10029,(212) 289-2709,Yes,No,OPEN,9a-5p,9a-5p,9a-5p,9a-5p,9a-5p,,,997982.587352,227500.606728,Senior center,
145,CC606,Marble Hill Community Center,5365 Broadway,Bronx,10463,(718) 220-2421,Yes,Hours may be extended during a heat emergency.,OPEN,10a-6p,10a-6p,10a-6p,10a-6p,10a-6p,10a-5p,,1009675.61449,258636.415519,Cornerstone Program,
149,CC086,King Towers,2 W 115 St,Manhattan,10026,(212) 384-5721,Yes,Hours may be extended during a heat emergency.,OPEN,10a-6p,10a-6p,10a-6p,10a-6p,10a-6p,10a-5p,,998789.736365,230699.460362,Cornerstone Program,
150,CC615,Seward Park Community Center,56 Essex Street,Manhattan,10002,(212) 460-8163,Yes,Hours may be extended during a heat emergency.,OPEN,10a-6p,10a-6p,10a-6p,10a-6p,10a-6p,10a-5p,,987396.795204,200446.556834,Cornerstone Program,
151,CC247,Project Find Coffeehouse NSC - SENIORS ONLY,331 W 42 St,Manhattan,10036,(646) 545-4621,Yes,Hours may be extended during a heat emergency.,OPEN,8a-5p,8a-5p,8a-5p,8a-6p,8a-5p,,,986711.999985,215506.00014,Senior center,
152,CC465,East River,404 E 105 St,Manhattan,10029,(212) 384-1220,Yes,Hours may be extended during a heat emergency.,OPEN,10a-6p,10a-6p,10a-6p,10a-6p,10a-6p,10a-5p,,1000758.6976,226269.713965,Cornerstone Program,
155,CC114,Central Harlem Kennedy NSC - SENIORS ONLY,34 W 134 St,Manhattan,10037,(212) 926-4871,No,Hours may be extended during a heat emergency.,OPEN,9a-5p,9a-5p,9a-5p,9a-5p,9a-5p,,,1000758.02471,235253.822193,Senior center,
160,CC040,Manhattanville,530 W 133 St,Manhattan,10027,(646) 439-0792 ext7801,Yes,Hours may be extended during a heat emergency.,OPEN,10a-6p,10a-6p,10a-6p,10a-6p,10a-6p,10a-5p,,996794.20349,237221.937155,Cornerstone Program,
161,CC039,Macomb's Bridge Library,2633 Adam C Powell Blvd,Manhattan,10039,(212) 281-4900,Yes,No,OPEN,11a-4p,11a-4p,11a-4p,11a-4p,11a-4p,11a-4p,,1001983.15982,240419.301023,Library,
167,CC612,Drew Hamilton Community Center,220 West 143rd Street,Manhattan,10030,(646) 963-2696,Yes,Hours may be extended during a heat emergency.,OPEN,10a-6p,10a-6p,10a-6p,10a-6p,10a-6p,10a-5p,,1000557.50018,238224.661396,Cornerstone Program,
173,CC611,Polo Ground Community Center,3005 Frederick Douglass Blvd,Manhattan,10039,(646) 707-0145,Yes,Hours may be extended during a heat emergency.,OPEN,10a-6p,10a-6p,10a-6p,10a-6p,10a-6p,,,1001717.55757,242375.401454,Cornerstone Program,
180,CC596,Concourse Plaza Wellness NSC - SENIORS ONLY,900 Grand Concourse,Bronx,10451,(718) 588-8200,No,No,OPEN,8:30a-7p,8:30a-7p,8:30a-7p,8:30a-7p,8:30a-7p,,,1005814.96637,240597.357438,Senior center,
192,CC315,Sebco Senior Programs NSC - SENIORS ONLY,887 Southern Blvd ,Bronx,10459,(718) 617-3465,Yes,Hours may be extended during a heat emergency.,OPEN,8a-4p,8a-4p,8a-4p,8a-4p,8a-4p,,,1013659.04484,237694.927875,Senior center,Basement
197,CC520,Bronxworks Heights NSC - SENIORS ONLY,200 West Tremont Av,Bronx,10453,(718) 299-0300,Yes,Hours may be extended during a heat emergency.,OPEN,8a-5p,8a-5p,8a-5p,8a-5p,8a-5p,,,1007173.00007,249628.000137,Senior center,
200,CC401,Arturo Schomburg NSC - SENIORS ONLY,1315 Fanklin Av,Bronx,10456,(718) 842-6880,Yes,Hours may be extended during a heat emergency.,OPEN,9a-5p,9a-5p,9a-5p,9a-5p,9a-5p,,,1011394.00016,242563.00016,Senior center,
201,CC028,Neighborhood SHOPP Innovative Senior Center - SENIORS ONLY,910 E 172 St,Bronx,10460,(718) 542-0222,Yes,No,OPEN,9a-5p,9a-5p,9a-5p,9a-5p,9a-5p,,,1014629.99992,243112.000046,Senior center,
203,CC518,Monterey/Twin Parks,2100 Monterey Av,Bronx,10457,(718) 367-6689,No,Hours may be extended during a heat emergency.,OPEN,10a-6p,10a-6p,10a-6p,10a-6p,10a-6p,10a-5p,,1014057.71868,249136.812912,Cornerstone Program,
205,CC314,Thomas Guess NSC - SENIORS ONLY,2070 Clinton Av,Bronx,10457,(718) 584-2357,Yes,No,OPEN,8:30a-4:30p,8:30a-4:30p,8:30a-4:30p,8:30a-4:30p,8:30a-4:30p,,,1015279.40414,247922.72238,Senior center,
210,CC519,Bronxworks Morris ISC - SENIORS ONLY,80 E 181 St,Bronx,10453,(718) 933-6671,Yes,No,OPEN,8a-3p,8a-3p,8a-3p,8a-3p,8a-3p,8a-4p,,1010707.99989,250755.99985,Senior center,
221,CC350,Clason's Point Library,1215 Morrison Av,Bronx,10472,(718) 842-1235,Yes,No,OPEN,11a-4p,11a-4p,11a-4p,11a-4p,11a-4p,11a-4p,,1018828.0,241686.0,Library,
242,CC404,Riverdale NSC - SENIORS ONLY,2600 Netherland Av,Bronx,10463,(718) 884-5900,Yes,Hours may be extended during a heat emergency.,OPEN,9a-5p,9a-5p,9a-5p,9a-5p,9a-5p,,,1007819.00009,259427.999894,Senior center,
245,CC405,Riverdale Y NSC - SENIORS ONLY,5625 Arlington Av,Bronx,10471,(718) 548-8200,Yes,Hours may be extended during a heat emergency.,OPEN,8:30a-4p,8:30a-4p,8:30a-4p,8:30a-4p,8:30a-4p,,,1009669.0,269056.999993,Senior center,
246,CC221,Van Cortlandt NSC - SENIORS ONLY,3880 Sedgwick Ave,Bronx,10463,(718) 549-4700,Yes,No,OPEN,9a-5p,9a-5p,9a-5p,9a-5p,9a-5p,,,1013635.66858,260826.87144,Senior center,"Front entrance, elevator to 2nd fl"
249,CC421,Melrose Mott Haven NSC - SENIORS ONLY,372 E 152 St,Bronx,10455,(718) 665-2280,Yes,Hours may be extended during a heat emergency.,OPEN,8a-4p,8a-4p,8a-4p,8a-4p,8a-4p,8a-4p,8a-4p,1007016.72217,237417.920883,Senior center,
251,CC942,Millbrook Community Center,201 St Ann's Av,Bronx,10454,(718) 585-1254,Yes,No,OPEN,6p-10p,6p-10p,6p-10p,6p-10p,6p-10p,10a-5p,,1006623.3368,232758.00599,Cornerstone Program,
252,CC941,Mitchell Community Center,210 Alexander Av,Bronx,10454,(718) 993-9355,Yes,No,OPEN,6p-10p,6p-10p,6p-10p,6p-10p,6p-10p,10a-5p,,1004855.45714,234003.14556,Cornerstone Program,
253,CC938,Patterson Community Center,340 Morris Av,Bronx,10451,(718) 993-2744,Yes,No,OPEN,6p-10p,6p-10p,6p-10p,6p-10p,6p-10p,10a-5p,,1005083.26902,235732.500041,Cornerstone Program,
254,CC420,Mitchell Houses NSC - SENIORS ONLY,188 Lincoln Av,Bronx,10454,(718) 665-2168,Yes,Hours may be extended during a heat emergency.,OPEN,8a-4p,8a-4p,8a-4p,8a-4p,8a-4p,,,1004289.44974,234329.38769,Senior center,
258,CC330,Neighborhood SHOPP Leon NSC - SENIORS ONLY,735 E 152 St,Bronx,10455,(718) 708-6897,Yes,No,OPEN,8a-4:30p,8a-4:30p,8a-4:30p,8a-4:30p,8a-4:30p,,,1009965.62047,236619.72891,Senior center,
259,CC236,Butler,1368 Webster Av,Bronx,10456,(718) 303-8997,Yes,Hours may be extended during a heat emergency.,OPEN,10a-6p,10a-6p,10a-6p,10a-6p,10a-6p,10a-5p,,1009924.06042,243723.365323,Cornerstone Program,
261,CC517,Sedgwick,1553 University Av,Bronx,10453,(718) 731-2600,Yes,Hours may be extended during a heat emergency.,OPEN,10a-6p,10a-6p,10a-6p,10a-6p,10a-6p,10a-5p,,1005824.65996,247625.427893,Cornerstone Program,
262,CC605,Murphy Community Center,601 Crotona Park North,Bronx,10457,(718) 466-6724,Yes,Hours may be extended during a heat emergency.,OPEN,10a-6p,10a-6p,10a-6p,10a-6p,10a-6p,10a-5p,,1013479.82211,246485.869611,Cornerstone Program,
265,CC607,Soundview Community Center,1680 Seward Ave.,Bronx,10473,(718) 378-6246,Yes,Hours may be extended during a heat emergency.,OPEN,10a-6p,10a-6p,10a-6p,10a-6p,10a-6p,10a-5p,,1020556.66163,237367.89408,Cornerstone Program,
266,CC322,Kips Bay Castle Hill NSC - SENIORS ONLY,625 Castle Hill Av,Bronx,10473,(718) 319-9156,Yes,No,OPEN,8a-4p,8a-4p,8a-4p,8a-4p,8a-4p,,,1026171.01949,237835.392817,Senior center,
267,CC035,James Monroe NSC - SENIORS ONLY,1776 Story Av,Bronx,10473,(718) 893-3484,Yes,No,OPEN,8a-4p,8a-4p,8a-4p,8a-4p,8a-4p,,,1021550.64061,239165.258924,Senior center,
268,CC454,Bronx River NSC - SENIORS ONLY,1619 E 174 St,Bronx,10472,(718) 617-6334,Yes,Hours may be extended during a heat emergency.,OPEN,8a-4p,8a-4p,8a-4p,8a-4p,8a-4p,,,1018469.23765,243512.044522,Senior center,
269,CC608,Bronx River Community Center,1619 East 174th Street,Bronx,10472,(718) 589-0553,Yes,Hours may be extended during a heat emergency.,OPEN,10a-6p,10a-6p,10a-6p,10a-6p,10a-6p,10a-5p,,1018470.1343,243511.400166,Cornerstone Program,
270,CC013,Pelham Parkway,785 Pelham Pkwy North,Bronx,10467,(718) 547-5929,Yes,Hours may be extended during a heat emergency.,OPEN,10a-6p,10a-6p,10a-6p,10a-6p,10a-6p,10a-5p,,1021789.05856,252051.181073,Cornerstone Program,
279,CC603,Betances,465 St. Ann's Ave,Bronx,10455,(718) 585-5040,Yes,Hours may be extended during a heat emergency.,OPEN,10a-6p,10a-6p,10a-6p,10a-6p,10a-6p,10a-5p,,1007980.01782,235339.243282,Cornerstone Program,
280,CC637,Edenwald Community Center,1150 East 229th St.,Bronx,10466,(718) 652-0478,Yes,Hours may be extended during a heat emergency.,OPEN,10a-6p,10a-6p,10a-6p,10a-6p,10a-6p,10a-5p,,1026977.25246,262070.564163,Cornerstone Program,
281,CC235,Highbridge Gardens,1155 University Av,Bronx,10452,(718) 992-7797,Yes,Hours may be extended during a heat emergency.,OPEN,10a-6p,10a-6p,10a-6p,10a-6p,10a-6p,10a-5p,,1003984.76774,244602.531405,Cornerstone Program,
283,CC313,Mosholu Montefiore NSC - SENIORS ONLY,3450 Dekalb Av,Bronx,10467,(718) 798-6601,Yes,Hours may be extended during a heat emergency.,OPEN,8a-4p,8a-4p,8a-4p,8a-4p,8a-4p,,,1017224.57315,260453.051978,Senior center,
286,CC105,Co-op City NSC - SENIORS ONLY,2049 Bartow Av,Bronx,10475,(718) 320-2066,Yes,Hours may be extended during a heat emergency.,OPEN,9a-2p,9a-4p,9a-4p,9a-4p,9a-4p,,,1031610.16019,256466.994005,Senior center,Entrance on Bartow Ave. (Riverbay Corporation awning/CCPD office)
287,CC455,Dreiser NSC - SENIORS ONLY,177 Dreiser Loop,Bronx,10475,(718) 320-1345,Yes,Hours may be extended during a heat emergency.,OPEN,8a-4p,8a-4p,8a-4p,8a-4p,8a-4p,,,1031597.66776,259132.82496,Senior center,"2nd floor, Room #7"
295,CC561,Hunts Point Recreation Center,765 Manida St,Bronx,10474,(718) 860-5544,No,No,OPEN,9a-9:30p,9a-9:30p,9a-9:30p,9a-9:30p,9a-9:30p,9a-4:30p,,1014909.11485,236207.954799,Community center,
297,CC516,Bronx Tremont Corps Comm Center,2121 Washington Av,Bronx,10457,(718) 584-6250,Yes,Hours may be extended during a heat emergency.,OPEN,9a-5p,9a-5p,9a-5p,9a-5p,9a-5p,,,1013165.0,249777.0,Community center,
301,CC602,Melrose Community Center,286 East 156th Street,Bronx,10451,(718) 665-1300,Yes,Hours may be extended during a heat emergency.,OPEN,10a-6p,10a-6p,10a-6p,10a-6p,10a-6p,10a-5p,,1006300.18194,238621.155681,Cornerstone Program,Center is in the gym.
302,CC102,Justice Sonia Sotomayor (formerly Bronxdale),1000 Rosedale Av,Bronx,10472,(917) 243-7231,Yes,Hours may be extended during a heat emergency.,OPEN,6p-10p,6p-10p,6p-10p,6p-10p,6p-10p,10a-5p,,1020952.11559,240055.873242,Cornerstone Program,
306,CC134,CCNS St Charles NSC - SENIORS ONLY,55 Pierrepont St,Brooklyn,11201,(718) 855-0326,Yes,No,OPEN,9:30a-5:30p,9:30a-5:30p,9:30a-5:30p,9:30a-5:30p,9:30a-5:30p,,,985621.999869,192861.000155,Senior center,
309,CC135,Eileen Dugan Amico NSC - SENIORS ONLY,378 Court St,Brooklyn,11231,(718) 596-1956,Yes,No,OPEN,8:30a-4:30p,8:30a-4:30p,8:30a-4:30p,8:30a-4:30p,8:30a-4:30p,,,985169.000119,187533.999982,Senior center,
316,CC147,Sunset Park Corps Community Center,520 50 St,Brooklyn,11220,(718) 438-1358,No,Hours may be extended during a heat emergency.,OPEN,9a-5p,9a-5p,9a-5p,9a-5p,9a-5p,,,981501.379805,174128.572137,Community center,
321,CC369,Parkslope NSC - SENIORS ONLY,463A 7 St,Brooklyn,11215,(718) 832-3726,Yes,Hours may be extended during a heat emergency.,OPEN,9a-5p,9a-5p,9a-5p,9a-5p,9a-5p,,,989525.999935,182833.999867,Senior center,Basement - Entrance on 7th Street
324,CC371,Brooklyn Central Library,10 Grand Army Plz,Brooklyn,11238,(718) 230-2100,Yes,No,OPEN,9a-9p,9a-9p,9a-9p,9a-9p,9a-6p,9a-6p,1p-5p,993072.058083,184261.856001,Library,Entrance from street level at Eastern Parkway side of building
326,CC138,Ft Greene Grant Square NSC - SENIORS ONLY,19 Grant Sq,Brooklyn,11216,(718) 363-3133,Yes,Hours may be extended during a heat emergency.,OPEN,9a-5p,9a-5p,9a-5p,9a-5p,9a-5p,,,997471.39743,185830.695318,Senior center,
327,CC145,Fort Greene Albany NSC - SENIORS ONLY,196 Albany Av,Brooklyn,11213,(718) 773-2600,Yes,Hours may be extended during a heat emergency.,OPEN,9a-5p,9a-5p,9a-5p,9a-5p,9a-5p,,,1001094.00009,184836.000128,Senior center,
328,CC141,CCNS Saint Louis NSC - SENIORS ONLY,230 Kingston Av,Brooklyn,11213,(718) 771-7945,Yes,No,OPEN,9a-5p,9a-5p,9a-5p,9a-5p,9a-5p,,,1000249.7941,183947.404137,Senior center,
329,CC142,H Gilroy NSC - SENIORS ONLY,447 Kingsborough 4 Walk,Brooklyn,11233,(718) 756-8400,Yes,Hours may be extended during a heat emergency.,OPEN,8a-4p,8a-4p,8a-4p,8a-4p,8a-4p,,,1005164.46866,185243.652528,Senior center,
333,CC442,Shalom NSC - SENIORS ONLY,483 Albany Av,Brooklyn,11203,(718) 774-9213,Yes,Hours may be extended during a heat emergency.,OPEN,9a-5p,9a-5p,9a-5p,9a-5p,9a-5p,,,1000951.28811,180970.49572,Senior center,
338,CC431,Stuyvesant Gardens,214 Stuyvesant Av,Brooklyn,11221,(718) 226-0481,Yes,Hours may be extended during a heat emergency.,OPEN,10a-6p,10a-6p,10a-6p,10a-6p,10a-6p,10a-5p,,1002775.12697,189874.191855,Cornerstone Program,
340,CC600,Ft Stuyvesant Heights NSC - SENIORS ONLY,562-574 Madison St.,Brooklyn,11221,(718) 230-0824,Yes,No,OPEN,8a-4p,8a-4p,8a-4p,8a-4p,8a-4p,,,1002181.26334,189296.537795,Senior center,
344,CC266,Bedford Temple Corps Comm Center,601 Lafayette Av,Brooklyn,11216,(718) 622-0614,Yes,Hours may be extended during a heat emergency.,OPEN,9a-5p,9a-5p,9a-5p,9a-5p,9a-5p,,10:30a-2p,997908.0,190828.0,Community center,
349,CC364,Grace Agard Harewood NSC - SENIORS ONLY,966 Fulton St,Brooklyn,11238,(718) 638-6910,Yes,No,OPEN,9a-5p,9a-5p,9a-7p,9a-7p,9a-5p,,,994728.000029,187843.00002,Senior center,
351,CC131,Independence Towers Active Adults NSC - SENIORS ONLY,114 Taylor St,Brooklyn,11211,(718) 388-9242,Yes,No,OPEN,8a-4:30p,8a-4:30p,8a-4:30p,8a-4:30p,8a-4:30p,,,994402.767084,196289.762326,Senior center,
352,CC522,Independence Towers,114 Taylor St,Brooklyn,11211,(718) 408-6374,Yes,Hours may be extended during a heat emergency.,OPEN,10a-6p,10a-6p,10a-6p,10a-6p,10a-6p,10a-5p,,994420.783891,196270.525158,Cornerstone Program,
355,CC476,CCNS Northside NSC - SENIORS ONLY,179 North 6 St,Brooklyn,11211,(718) 387-2316,No,No,OPEN,8a-4p,8a-4p,8a-4p,8a-4p,8a-4p,,,996125.999858,200442.000084,Senior center,
356,CC363,Krakus Luncheon Club NSC - SENIORS ONLY,176 Java St,Brooklyn,11222,(718) 383-3434,Yes,Hours may be extended during a heat emergency.,OPEN,8a-4p,8a-4p,8a-4p,8a-4p,8a-4p,,,997135.000137,205780.999905,Senior center,
386,CC347,Cypress Hills Fulton St NSC - SENIORS ONLY,3208 Fulton St,Brooklyn,11208,(718) 235-0064,Yes,Hours may be extended during a heat emergency.,OPEN,8:15a-4:15p,8:15a-4:15p,8:15a-4:15p,8:15a-4:15p,8:15a-4:15p,,,1018396.99994,187787.000132,Senior center,
392,CC140,Christopher C Blenman NSC - SENIORS ONLY,720 East New York Av,Brooklyn,11203,(718) 773-7400,Yes,Hours may be extended during a heat emergency.,OPEN,8a-4p,8a-4p,8a-4p,8a-4p,8a-4p,10a-3p,,1001343.99992,180448.000046,Senior center,
402,CC594,Ft Hazel Brooks NSC - SENIORS ONLY,961 Ocean Ave.,Brooklyn,11226,(347) 435-3287,No,No,OPEN,8a-4p,8a-4p,8a-4p,8a-4p,8a-4p,,,995730.091529,172078.805827,Senior center,
406,CC282,Amico 59 St NSC - SENIORS ONLY,5901 13 Av,Brooklyn,11219,(718) 972-1558,Yes,Hours may be extended during a heat emergency.,OPEN,8:30a-4:30p,8:30a-4:30p,8:30a-4:30p,8:30a-4:30p,8:30a-4:30p,,,984841.000118,168476.00004,Senior center,
409,CC489,Bay Ridge NSC - SENIORS ONLY,6935 4 Av,Brooklyn,11209,(718) 748-0650,Yes,Hours may be extended during a heat emergency.,OPEN,8a-4p,8a-4p,8a-4p,8a-4p,8a-4p,,,977734.20298,170179.810609,Senior center,
412,CC276,Bay Ridge Corps Comm Center,252 86 St,Brooklyn,11209,(718) 238-2991,Yes,No,OPEN,10a-3p,,10a-3p,10a-3p,10a-3p,,,975310.0,166361.0,Community center,
418,CC280,Homecrest Bensonhurst NSC - SENIORS ONLY,7907 New Utrecht Av,Brooklyn,11214,(718) 621-7960,Yes,No,OPEN,7:30a-2:30p,7:30a-2:30p,7:30a-2:30p,7:30a-2:30p,7:30a-2:30p,,,984060.00004,162317.999889,Senior center,
425,CC544,House of Jacob - SENIORS ONLY,6222 23 Av,Brooklyn,11204,(718) 259-0100,Yes,No,OPEN,9a-4p,9a-4p,9a-4p,9a-4p,9a-4p,,,990328.0,162950.0,Senior center,
438,CC156,JCCGCI ISC - SENIORS ONLY,3001 W 37 St ,Brooklyn,11224,(718) 449-5000 ext. 2350,Yes,Hours may be extended during a heat emergency.,OPEN,8:30a-4:30p,8:30a-4:30p,8:30a-7p,8:30a-4:30p,8:30a-4p,,,983652.99987,147949.000084,Senior center,Enter on second (2nd floor)
460,CC088,JASA HES NSC - SENIORS ONLY,9502 Seaview Av,Brooklyn,11236,(718) 251-3700,Yes,No,OPEN,8a-4p,8a-4p,8a-4p,8a-4p,8a-4p,,,1014575.00003,169767.000083,Senior center,
463,CC537,Mill Basin Senior Center - SENIORS ONLY,2075 E 68 St,Brooklyn,11234,(718) 444-3850,Yes,No,OPEN,8:30a-3:30p,8:30a-3:30p,8:30a-3:30p,8:30a-3:30p,8:30a-3:30p,,,1009338.0,164760.0,Senior center,
464,CC285,Marine Park Active Adults NSC - SENIORS ONLY,3000 Fillmore Av,Brooklyn,11234,(718) 336-0275,Yes,No,OPEN,8a-4p,8a-4p,8a-4p,8a-4p,8a-4p,,,1001616.88356,160742.998118,Senior center,
468,CC155,JASA Senior Alliance NSC - SENIORS ONLY,161 Corbin Pl,Brooklyn,11235,(718) 646-4100,Yes,No,OPEN,9a-4p,9a-4p,9a-4p,9a-4p,9a-4p,,,997074.252227,149748.828177,Senior center,
469,CC617,Taylor-ÂWythe Community Center,80 Clymer St.,Brooklyn,11211,(718) 782-5553,Yes,Hours may be extended during a heat emergency.,OPEN,10a-6p,10a-6p,10a-6p,10a-6p,10a-6p,10a-5p,,993775.067552,196092.774203,Cornerstone Program,
472,CC623,Ingersoll  Community Center,177 Myrtle Av,Brooklyn,11201,(718) 522-5051,Yes,Hours may be extended during a heat emergency.,OPEN,10a-6p,10a-6p,10a-6p,10a-6p,10a-6p,10a-5p,,989234.801698,192039.696023,Cornerstone Program,
476,CC424,Breukelen,715 E 105 St,Brooklyn,11236,(718) 257-0159,Yes,Hours may be extended during a heat emergency.,OPEN,10a-6p,10a-6p,10a-6p,10a-6p,10a-6p,10a-5p,,1013266.6149,175683.428546,Cornerstone Program,
477,CC379,JASA Sheuer House of Coney Isl NSC - SENIORS ONLY,3601 Surf Av,Brooklyn,11224,(718) 373-3954,Yes,No,OPEN,10a-6p,10a-6p,10a-6p,10a-6p,10a-6p,,,983612.605594,148275.625415,Senior center,Main entrance on W 37 St
478,CC492,O'Dwyer,2945 W 33 St,Brooklyn,11224,(718) 310-5677,Yes,Hours may be extended during a heat emergency.,OPEN,10a-6p,10a-6p,10a-6p,10a-6p,10a-6p,10a-5p,,984594.514624,148310.436186,Cornerstone Program,
479,CC628,Carey Garden Community Center,2315 Surf Avenue,Brooklyn,11224,(718) 758-5068,Yes,Hours may be extended during a heat emergency.,OPEN,10a-6p,10a-6p,10a-6p,10a-6p,10a-6p,10a-5p,,987002.998419,148552.735425,Cornerstone Program,
480,CC016,Lafayette,442 Dekalb Av,Brooklyn,11238,(347) 384-8880,Yes,Hours may be extended during a heat emergency.,OPEN,10a-6p,10a-6p,10a-6p,10a-6p,10a-6p,10a-5p,,995406.84985,190646.029115,Cornerstone Program,
483,CC627,Marlboro Community Center,2298 West 8th St.,Brooklyn,11223,(718) 333-0575,Yes,Hours may be extended during a heat emergency.,OPEN,10a-6p,10a-6p,10a-6p,10a-6p,10a-6p,10a-5p,,990154.869084,154904.696146,Cornerstone Program,
486,CC345,Penn-Wortman,895 Pennsylvania Av,Brooklyn,11207,(718) 649-1371,Yes,Hours may be extended during a heat emergency.,OPEN,10a-6p,10a-6p,10a-6p,10a-6p,10a-6p,10a-5p,,1015265.54755,178452.838159,Cornerstone Program,
488,CC940,Marcy Community Center,648 Park Av,Brooklyn,11206,(646) 201-4225,Yes,No,OPEN,6p-10p,6p-10p,6p-10p,6p-10p,6p-10p,10a-5p,,998105.960793,193335.298419,Cornerstone Program,
489,CC021,Tompkins,736 Park Av,Brooklyn,11206,(718) 420-1966,Yes,Hours may be extended during a heat emergency.,OPEN,10a-6p,10a-6p,10a-6p,10a-6p,10a-6p,10a-5p,,999229.62954,193463.533921,Cornerstone Program,
490,CC346,Boulevard,726 Stanley Av,Brooklyn,11207,(718) 272-0050,Yes,Hours may be extended during a heat emergency.,OPEN,10a-6p,10a-6p,10a-6p,10a-6p,10a-6p,10a-5p,,1017114.76255,179728.998912,Cornerstone Program,
494,CC619,Sumner Community Center,862 Park Ave.,Brooklyn,11206,(718) 919-3938,No,Hours may be extended during a heat emergency.,OPEN,10a-6p,10a-6p,10a-6p,10a-6p,10a-6p,10a-5p,,1000732.00967,193638.519597,Cornerstone Program,
498,CC622,Farragut Community Center,228 York St.,Brooklyn,11201,(347) 529-6216,Yes,Hours may be extended during a heat emergency.,OPEN,10a-6p,10a-6p,10a-6p,10a-6p,10a-6p,10a-5p,,989336.511469,194559.93278,Cornerstone Program,
501,CC380,JASA ShoreFront NSC - SENIORS ONLY,3300 Coney Island Av,Brooklyn,11235,(718) 646-1444 X312,Yes,No,OPEN,9a-4p,9a-5p,9a-5p,9a-5p,9a-5p,,,995367.255969,148989.970443,Senior center,
503,CC632,Pink Houses Community Center,2702 Linden Blvd.,Brooklyn,11208,(718) 226-0483,Yes,Hours may be extended during a heat emergency.,OPEN,10a-6p,10a-6p,10a-6p,10a-6p,10a-6p,10a-5p,,1021821.22209,182953.063606,Cornerstone Program,
505,CC440,Seth Low,137 Belmont Av,Brooklyn,11212,(718) 495-8301,Yes,Hours may be extended during a heat emergency.,OPEN,10a-6p,10a-6p,10a-6p,10a-6p,10a-6p,10a-5p,,1010462.10833,183194.774863,Cornerstone Program,
510,CC427,Glenwood,5816 Farragut Rd,Brooklyn,11234,(347) 492-4813,Yes,Hours may be extended during a heat emergency.,OPEN,10a-6p,10a-6p,10a-6p,10a-6p,10a-6p,10a-5p,,1006309.95176,171170.15918,Cornerstone Program,
511,CC090,CCNS Glenwood NSC - SENIORS ONLY,5701 Avenue H,Brooklyn,11234,(718) 241-7711,Yes,Hours may be extended during a heat emergency.,OPEN,8a-4p,8a-4p,8a-4p,8a-4p,8a-4p,,,1005985.62253,170149.245053,Senior center,
512,CC271,Cooper Park,76 Kingsland Av,Brooklyn,11211,(929) 266-0817,Yes,Hours may be extended during a heat emergency.,OPEN,10a-6p,10a-6p,10a-6p,10a-6p,10a-6p,10a-5p,,1000868.95086,200972.012578,Cornerstone Program,
513,CC438,CCNS Pete McGuinness NSC - SENIORS ONLY,715 Leonard St,Brooklyn,11222,(718) 383-1940,Yes,No,OPEN,8a-4p,8a-4p,8a-4p,8a-4p,8a-4p,,,997277.162582,204855.642504,Senior center,
514,CC132,Willoughby NSC - SENIORS ONLY,105 North Portland Av,Brooklyn,11205,(718) 875-1011,Yes,No,OPEN,8a-4p,8a-4p,8a-4p,8a-4p,8a-4p,,,990941.058128,192461.088225,Senior center,
515,CC011,Wyckoff Gardens,280 Wyckoff St,Brooklyn,11217,(718) 312-2570,Yes,Hours may be extended during a heat emergency.,OPEN,10a-6p,10a-6p,10a-6p,10a-6p,10a-6p,10a-5p,,988798.101416,188073.43761,Cornerstone Program,
519,CC633,Cypress Community Center,475 Fountain Ave.,Brooklyn,11208,(718) 226-0484,Yes,Hours may be extended during a heat emergency.,OPEN,10a-6p,10a-6p,10a-6p,10a-6p,10a-6p,10a-5p,,1019609.74095,182828.432949,Cornerstone Program,
522,CC620,Bushwick Community Center,50 Humboldt St,Brooklyn,11206,(718) 453-8116,Yes,Hours may be extended during a heat emergency.,OPEN,6p-10p,6p-10p,6p-10p,6p-10p,6p-10p,10a-5p,,1000777.70906,195455.683285,Cornerstone Program,
527,CC272,Roosevelt II,400 Hart St,Brooklyn,11206,(718) 919-5623,Yes,Hours may be extended during a heat emergency.,OPEN,10a-6p,10a-6p,10a-6p,10a-6p,10a-6p,10a-5p,,1002382.29167,192278.229167,Cornerstone Program,
528,CC413,Maria Lawton NSC - SENIORS ONLY,400 Hart St,Brooklyn,11206,(718) 452-7474,Yes,No,OPEN,8a-4p,8a-4p,8a-4p,8a-4p,8a-4p,,,1002365.92143,192272.484927,Senior center,
529,CC010,Williams Plaza,321 Roebling St,Brooklyn,11211,(718) 408-6792,Yes,Hours may be extended during a heat emergency.,OPEN,10a-6p,10a-6p,10a-6p,10a-6p,10a-6p,10a-5p,,995163.446159,197283.256028,Cornerstone Program,
530,CC601,CCNS Narrows NSC - SENIORS ONLY,930 53rd St.,Brooklyn,11219,(718) 232-3211,No,No,OPEN,8a-4p,8a-4p,8a-4p,8a-4p,8a-4p,,,983491.454261,171521.408647,Senior center,
531,CC186,JASA Starrett City NSC - SENIORS ONLY,1540 Van Siclen Av,Brooklyn,11239,(718) 642-1010,Yes,No,OPEN,8a-3p,8a-3p,8a-3p,8a-3p,8a-3p,,,1018121.95127,175216.09614,Senior center,
533,CC494,Sheepshead/Nostrand,3679 Nostrand Av,Brooklyn,11229,(718) 226-0429,Yes,Hours may be extended during a heat emergency.,OPEN,10a-6p,10a-6p,10a-6p,10a-6p,10a-6p,10a-5p,,1000806.56184,155798.012908,Cornerstone Program,
534,CC162,CCNS the Bay NSC - SENIORS ONLY,3643 Nostrand Av,Brooklyn,11229,(718) 648-2053,Yes,No,OPEN,8a-4p,8a-4p,8a-4p,8a-4p,8a-4p,,,1000762.21171,156113.095304,Senior center,
535,CC368,JASA Williamsburg NSC - SENIORS ONLY,202 Graham Av,Brooklyn,11206,(718) 388-6865,Yes,No,OPEN,8a-4p,8a-4p,8a-4p,8a-4p,8a-4p,,,999975.822539,197644.403317,Senior center,
537,CC625,Howard Community Center,90 Watkins Street,Brooklyn,11212,(718) 266-0485,Yes,Hours may be extended during a heat emergency.,OPEN,10a-6p,10a-6p,10a-6p,10a-6p,10a-6p,10a-5p,,1009585.02675,183707.150024,Cornerstone Program,
540,CC185,Vandalia NSC - SENIORS ONLY,47 Vandalia Av,Brooklyn,11239,(718) 272-3949,Yes,No,OPEN,8a-4p,8a-4:30p,8a-4p,8a-4:30p,8a-4p,,,1015587.99998,176154.000104,Senior center,
550,CC275,CCNS Riverway ISC - SENIORS ONLY,230 Riverdale Av,Brooklyn,11212,(718) 942-5345,Yes,Hours may be extended during a heat emergency.,OPEN,8:30a-4:30p,8:30a-4:30p,8:30a-4:30p,8:30a-4:30p,8:30a-4:30p,,,1009777.17072,180084.645458,Senior center,
556,CC209,CCNS Dellamonica-Steinway NSC - SENIORS ONLY,23-56 Broadway,Queens,11106,(718) 626-1500,Yes,Hours may be extended during a heat emergency.,OPEN,8a-4p,8a-4p,8a-4p,8a-4p,8a-4p,,,1003970.99992,217386.999987,Senior center,
566,CC384,Florence E Smith NSC - SENIORS ONLY,102-19 34 Av,Queens,11368,(718) 899-0553,Yes,Hours may be extended during a heat emergency.,OPEN,8a-4p,8a-4p,8a-4p,8a-4p,8a-4p,,,1021419.00012,214740.000032,Senior center,
567,CC383,Elmcor NSC - SENIORS ONLY,98-19 Astoria Blvd,Queens,11368,(718) 457-9757,Yes,Hours may be extended during a heat emergency.,OPEN,9a-5p,9a-5p,9a-5p,9a-5p,9a-5p,,,1022662.0,215195.0,Senior center,
585,CC065,Ridgewood Citadel Corps Comm Center,69-23 Cypress Hills St,Queens,11385,(718) 497-4356,Yes,Hours may be extended during a heat emergency.,OPEN,10a-3p,10a-3p,10a-3p,10a-3p,10a-3p,,,1013483.88782,195411.07664,Community center,
588,CC198,Hanac Angelo Petromelis NSC - SENIORS ONLY,13-28 123 St,Queens,11356,(718) 961-0344,Yes,Hours may be extended during a heat emergency.,OPEN,8:30a-7p,8:30a-7p,8:30a-7p,8:30a-7p,8:30a-7p,,,1027157.00013,225598.999967,Senior center,
599,CC393,McGoldrick Library,155-06 Roosevelt Av,Queens,11354,(718) 461-1616,Yes,No,OPEN,12p-5p,12p-5p,12p-5p,12p-5p,12p-5p,12p-5p,,1036937.0,217580.0,Library,
612,CC303,CCNS Bayside NSC - SENIORS ONLY,221-15 Horace Harding Exwy,Queens,11364,(718) 225-1144,Yes,No,OPEN,8a-4p,8a-4p,8a-4p,8a-4p,8a-4p,9:30a-4p,,1051649.00003,212566.000115,Senior center,
617,CC195,Samuel Field NSC - SENIORS ONLY,58-20 Little Neck Pkwy,Queens,11362,(718) 225-6750,Yes,No,OPEN,8a-6p,8a-6p,8a-6p,8a-6p,8a-6p,,,1060912.95165,216576.582645,Senior center,
624,CC190,CCNS Ozone Park NSC - SENIORS ONLY,103-02 101 Av,Queens,11416,(718) 847-2100,Yes,No,OPEN,8a-4p,8a-4p,8a-4p,8a-4p,8a-4p,,,1028803.00012,189093.000145,Senior center,Entrance on 103rd Street
628,CC297,Jamaica Citadel Corps Comm Center,90-23 161 St,Queens,11432,(862) 438-1598,Yes,Hours may be extended during a heat emergency.,OPEN,9a-4p,9a-4p,9a-4p,9a-4p,9a-4p,,,1040053.0,196162.0,Community center,
630,CC777,CCNS Hillcrest NSC - SENIORS ONLY,168-01 Hillside Av,Queens,11432,718-297-7171,Yes,No,OPEN,8:30a-4:30p,8:30a-4:30p,8:30a-4:30p,8:30a-4:30p,8:30a-4:30p,,,1041193.1151,198146.341946,Senior center,
634,CC180,JASA Holliswood NSC - SENIORS ONLY,86-25 Francis Lewis Blvd,Queens,11427,(718) 454-6157,Yes,Hours may be extended during a heat emergency.,OPEN,9a-4p,9a-4p,9a-4p,9a-4p,9a-4p,,,1049441.99985,203521.00016,Senior center,
648,CC179,Robert Couche NSC - SENIORS ONLY,137-57 Farmers Blvd,Queens,11434,(718) 978-8352,Yes,No,OPEN,8a-4p,8a-4p,8a-4p,8a-4p,8a-4p,,,1049747.18264,184406.845803,Senior center,
659,CC225,JASA Roy Reuther NSC - SENIORS ONLY,7-11C Seagirt Avenue,Queens,11691,(718) 471-3110,Yes,Hours may be extended during a heat emergency.,OPEN,9a-4p,9a-4p,9a-4p,9a-4p,9a-4p,,,1055922.00002,156276.000162,Senior center,Apt 2N
662,CC226,JASA Brookdale NSC - SENIORS ONLY,131 Beach 19 St,Queens,11691,(718) 471-6677,Yes,No,OPEN,8:30a-4:30p,8:30a-4:30p,8:30a-4:30p,8:30a-4:30p,8:30a-4:30p,,,1052587.00012,155497.00008,Senior center,
666,CC227,CCNS Seaside NSC - SENIORS ONLY,320 Beach 94 St,Queens,11693,(347) 926-4119,Yes,No,OPEN,8a-4p,8a-4p,8a-4p,8a-4p,8a-4p,,,1035089.67948,153343.469282,Senior center,
668,CC228,JASA Rockaway Park NSC - SENIORS ONLY,106-20 Shore Front Pkwy,Queens,11694,(718) 634-3044,Yes,No,OPEN,8a-4p,8a-4p,8a-4p,8a-4p,8a-4p,,,1032271.71497,151135.1361,Senior center,
675,CC630,Astoria Community Center,4-05 Astoria Blvd,Queens,11102,(347) 813-4452,Yes,Hours may be extended during a heat emergency.,OPEN,10a-6p,10a-6p,10a-6p,10a-6p,10a-6p,10a-5p,,1002607.14634,221035.619986,Cornerstone Program,
676,CC213,HANAC Ravenswood NSC - SENIORS ONLY,34-35A 12 St ,Queens,11106,(718) 786-1550,Yes,No,OPEN,8a-4p,8a-4p,8a-4p,8a-4p,8a-4p,,,1001760.6418,217251.274865,Senior center,Entrance in the rear of the building
678,CC012,Woodside,50-19 Broadway,Queens,11377,(718) 784-6173,Yes,Hours may be extended during a heat emergency.,OPEN,6p-10p,6p-10p,6p-10p,6p-10p,6p-10p,10a-5p,,1009099.95139,214472.327592,Cornerstone Program,
680,CC495,"Queens Community House, Forest Hills Senior Center, NSC - SENIORS ONLY",108-25 62 Dr,Queens,11375,(718) 699-1010,Yes,No,OPEN,9a-4p,9a-4p,9a-4p,9a-4p,9a-4p,,,1025785.4891,207568.468115,Senior center,
683,CC298,Allen Community NSC - SENIORS ONLY,166-01 Linden Blvd,Queens,11434,(718) 658-0980,Yes,Hours may be extended during a heat emergency.,OPEN,8a-4p,8a-4p,8a-4p,8a-4p,8a-4p,,,1044425.77432,190870.111092,Senior center,
686,CC939,Oceanside Community Center,339 Beach 54 St,Queens,11692,,Yes,No,OPEN,6p-10p,6p-10p,6p-10p,6p-10p,6p-10p,10a-5p,,1043996.84965,155622.973909,Cornerstone Program,
687,CC639,Ocean Bay Community Center,57-10 Beach Channel Drive,Queens,11692,(718) 577-5260,Yes,Hours may be extended during a heat emergency.,OPEN,10a-6p,10a-6p,10a-6p,10a-6p,10a-6p,10a-5p,,1043270.85143,156162.622108,Cornerstone Program,
688,CC513,Sunnyside Community NSC - SENIORS ONLY,43-31 39 St,Queens,11104,(718) 784-6173,Yes,Hours may be extended during a heat emergency.,OPEN,8:30a-4:30p,8:30a-4:30p,8:30a-4:30p,8:30a-4:30p,8:30a-4:30p,,,1004859.10936,210743.853496,Senior center,
692,CC164,CCNS Catherine Sheridan NSC - SENIORS ONLY,35-24 83 St,Queens,11372,(718) 458-4600,Yes,Hours may be extended during a heat emergency.,OPEN,8:30a-4:30p,8:30a-4:30p,8:30a-4:30p,8:30a-4:30p,8:30a-4:30p,,,1016405.90188,213086.293037,Senior center,
696,CC932,Hillcrest NSC - SENIORS ONLY,91-34 182nd Pl,Queens,11423,(718) 217-0126,Yes,Hours may be extended during a heat emergency.,OPEN,8a-4p,8a-4p,8a-4p,8a-4p,8a-4p,,,1046249.13124,197553.999955,Senior center,Cooling area on second floor and elevator for use
699,CC174,South Hollis Library,204-01 Hollis Av,Queens,11412,(718) 465-6779,Yes,No,OPEN,12p-5p,12p-5p,12p-5p,12p-5p,12p-5p,12p-5p,,1052508.0,196953.0,Library,
703,CC634,Latimer Gardens Community Center,34-30 137th St.,Queens,11354,(718) 353-0385,Yes,Hours may be extended during a heat emergency.,OPEN,6p-10p,6p-10p,6p-10p,6p-10p,6p-10p,10a-5p,,1031234.50346,218376.721761,Cornerstone Program,
707,CC638,Redfern Community Center,1544 Hassock St,Queens,11691,(718) 471-2061,Yes,Hours may be extended during a heat emergency.,OPEN,10a-6p,10a-6p,10a-6p,10a-6p,10a-6p,10a-5p,,1052854.23253,161388.103783,Cornerstone Program,
708,CC068,Pomonok NSC - SENIORS ONLY,67-09 Kissena Blvd,Queens,11367,(718) 591-3377,Yes,No,OPEN,8a-4p,8a-4p,8a-4p,8a-4p,8a-4p,,,1035693.51062,207076.101317,Senior center,
715,CC214,HANAC Harmony JVL ISC - SENIORS ONLY,27-40 Hoyt Av South,Queens,11102,(718) 626-3035,Yes,No,OPEN,8:30a-3:30p,8:30a-3:30p,8:30a-3:30p,8:30a-3:30p,8:30a-3:30p,9:30a-1p,,1006618.44672,220245.270517,Senior center,Entrance at 29th St
716,CC294,South Jamaica Library,108-41 Guy R Brewer Blvd,Queens,11433,(718) 739-4088,Yes,No,OPEN,12p-5p,12p-5p,12p-5p,12p-5p,12p-5p,12p-5p,,1042426.95287,192778.898741,Library,
721,CC429,Cassidy Coles NSC - SENIORS ONLY,125 Cassidy Pl,Staten Island,10301,(718) 273-6808,Yes,Hours may be extended during a heat emergency.,OPEN,8a-4p,8a-4p,8a-4p,8a-4p,8a-4p,,,957497.397325,173277.456316,Senior center,
723,CC443,Stapleton Corps Comm Center,15 Broad St,Staten Island,10304,(718) 448-8480,No,Hours may be extended during a heat emergency.,OPEN,9a-2p,9a-2p,9a-2p,9a-2p,9a-2p,,,963243.0,167268.0,Community center,
725,CC410,Dongan Hills Library,1617 Richmond Rd,Staten Island,10304,(718) 351-1444,Yes,No,OPEN,11a-4p,11a-4p,11a-4p,11a-4p,11a-4p,11a-4p,,956164.0,154377.0,Library,
727,CC200,Anderson NSC - SENIORS ONLY,120 Anderson Av ,Staten Island,10302,(718) 448-5757,Yes,Hours may be extended during a heat emergency.,OPEN,7a-3p,7a-3p,7a-3p,7a-3p,7a-3p,,,946913.999857,170547.000163,Senior center,Program located in the basement
732,CC203,New Lane Neighborhood NSC - SENIORS ONLY,70 New Ln,Staten Island,10305,(718) 448-5936,Yes,No,OPEN,8a-4p,8a-4p,8a-4p,8a-4p,8a-4p,,,967116.443376,162666.530688,Senior center,
739,CC305,Great Kills Library,56 Giffords La,Staten Island,10308,(718) 984-6670,Yes,No,OPEN,11a-4p,11a-4p,11a-4p,11a-4p,11a-4p,11a-4p,,942270.222262,140577.739057,Library,
740,CC508,JCC South Shore NSC - SENIORS ONLY,1297 Arthur Kill Rd,Staten Island,10312,(718) 475-5283,Yes,Hours may be extended during a heat emergency.,OPEN,8a-8:30p,8a-8:30p,8a-8:30p,8a-8:30p,8a-6p,,,933241.171232,145438.951626,Senior center,
744,CC081,West Brighton,230 Broadway,Staten Island,10310,(718) 682-1681,Yes,Hours may be extended during a heat emergency.,OPEN,10a-6p,10a-6p,10a-6p,10a-6p,10a-6p,10a-5p,,951560.270833,170987.729167,Cornerstone Program,
745,CC082,West Brighton NSC - SENIORS ONLY,230 Broadway,Staten Island,10310,(718) 727-9763,Yes,No,OPEN,8a-4p,8a-4p,8a-4p,8a-4p,8a-4p,,,951564.454467,170952.195875,Senior center,
749,CC446,Richmond Terrace,71 Jersey St,Staten Island,10301,(718) 981-7942,Yes,Hours may be extended during a heat emergency.,OPEN,10a-6p,10a-6p,10a-6p,10a-6p,10a-6p,10a-5p,,959880.793395,174536.676728,Cornerstone Program,
752,CC444,Todt Hill,255 Westwood Av,Staten Island,10314,(718) 513-8117,Yes,Hours may be extended during a heat emergency.,OPEN,10a-6p,10a-6p,10a-6p,10a-6p,10a-6p,10a-5p,,951225.975462,160360.063571,Cornerstone Program,
753,CC009,Mariner's Harbor,157 Brabant St,Staten Island,10303,(718) 698-0800,Yes,Hours may be extended during a heat emergency.,OPEN,10a-6p,10a-6p,10a-6p,10a-6p,10a-6p,10a-5p,,938902.0,169768.0,Cornerstone Program,
760,CC049,JCC of Staten Island ISC - SENIORS ONLY,1466 Manor Rd,Staten Island,10314,(718) 517-7445,Yes,Hours may be extended during a heat emergency.,OPEN,9a-4p,9a-4p,9a-4p,9a-4p,9a-4p,,,949128.062358,156010.521034,Senior center,
761,CC635,Gerard Carter/Stapleton Community Center,230 Broad St,Staten Island,10304,(718) 981-0500,Yes,Hours may be extended during a heat emergency.,OPEN,10a-6p,10a-6p,10a-6p,10a-6p,10a-6p,10a-5p,,961686.0,166056.0,Cornerstone Program,
762,CC206,Mount Loretto NSC - SENIORS ONLY,6581 Hylan Blvd,Staten Island,10309,(718) 984-8589,Yes,Hours may be extended during a heat emergency.,OPEN,8a-4p,8a-4p,8a-4p,8a-4p,8a-4p,,,922476.009691,125021.040362,Senior center,Building #6
763,CC558,Ocean Breeze Athletic Complex,625 Father Capodanno Blvd,Staten Island,10305,(718) 351-7923,Yes,No,OPEN,5:30a-8:30p,5:30a-8:30p,5:30a-8:30p,5:30a-8:30p,5:30a-8:30p,7a-2p,7a-2p,963365.346219,151716.255673,Community center,
